Viscosidad,Diametro,Voltaje,Distancia
4109,560.33333,15,25
2184,457,10,20
1638,413,9,15
1488,391.33333,5.9,10
876,253.33333,4.7,5